Kaggle Csapatnév,Feltöltések Száma,ROC-AUC
13681983,1,0.94945
13681981,2,0.94845
13682043,6,0.94419
13682037,10,0.93965
13682037,10,0.93965
13681976,7,0.93934
13681967,12,0.93602
13682093,4,0.93362
13681965,5,0.93258
13681977,2,0.92879
13681964,9,0.90669
13681969,4,0.89877
13681971,9,0.87568
13681996,1,0.7868
